Post ID,Platform,Date,Content Type,Post Text,Likes,Shares,Comments,Impressions,Reach,Clicks,Hashtags Used,Campaign_Name
P001,Twitter,2024-12-23,Reel,Check out our latest reel on twitter!,1461,184,344,21915,21675,15,"#FutureOfDriving,#AnytimeIsTeslaTime",CybertruckLaunch
P002,Twitter,2025-04-03,Text,Check out our latest text on twitter!,4054,389,493,64864,64383,117,"#TeslaCoInnovation,#BetterWithTesla",ModelYCampaign
P003,YouTube,2025-05-12,Reel,Check out our latest reel on youtube!,2795,105,49,53105,52307,204,#TeslaCoInnovation,FSDUpdate
P004,Instagram,2024-08-12,Story,Check out our latest story on instagram!,2404,363,138,19232,18636,128,#EVRevolution,SustainabilityDrive
P005,YouTube,2024-06-26,Reel,Check out our latest reel on youtube!,3557,687,424,71140,70701,224,"#EVRevolution,#TeslaCoInnovation",CybertruckLaunch
P006,Facebook,2024-10-31,Carousel,Check out our latest carousel on facebook!,2945,930,355,23560,23275,256,#TeslaCoInnovation,ModelYCampaign
P007,Twitter,2024-06-24,Carousel,Check out our latest carousel on twitter!,3860,201,279,61760,61660,235,#TeslaCoInnovation,ModelYCampaign
P008,YouTube,2024-07-13,Image,Check out our latest image on youtube!,3929,262,278,43219,42841,39,#EVRevolution,SustainabilityDrive
P009,Facebook,2024-08-30,Text,Check out our latest text on facebook!,3784,808,404,56760,56343,131,#TeslaCoInnovation,ModelYCampaign
P010,Facebook,2025-03-11,Image,Check out our latest image on facebook!,4241,902,47,72097,71598,167,#TeslaCoInnovation,ModelYCampaign
P011,Instagram,2025-02-02,Story,Check out our latest story on instagram!,1792,614,497,25088,24675,65,#FutureOfDriving,SustainabilityDrive
P012,Facebook,2024-07-21,Reel,Check out our latest reel on facebook!,1946,686,377,23352,22982,213,#FutureOfDriving,FSDUpdate
P013,YouTube,2024-11-18,Carousel,Check out our latest carousel on youtube!,1171,286,231,22249,21282,114,#EVRevolution,CybertruckLaunch
P014,Facebook,2025-02-16,Story,Check out our latest story on facebook!,4242,555,131,33936,33802,265,#FutureOfDriving,
P015,Facebook,2024-10-24,Video,Check out our latest video on facebook!,3888,604,128,77760,77167,20,#FutureOfDriving,CybertruckLaunch
P016,Facebook,2024-08-26,Text,Check out our latest text on facebook!,3452,377,360,55232,55075,87,#FutureOfDriving,FSDUpdate
P017,Facebook,2025-05-05,Text,Check out our latest text on facebook!,4441,511,70,53292,53082,159,#EVRevolution,SustainabilityDrive
P018,Instagram,2024-08-19,Reel,Check out our latest reel on instagram!,3000,382,325,36000,35819,19,#FutureOfDriving,CybertruckLaunch
P019,Instagram,2024-06-23,Video,Check out our latest video on instagram!,1071,519,22,16065,15865,103,#TeslaCoInnovation,SustainabilityDrive
P020,Instagram,2024-09-09,Carousel,Check out our latest carousel on instagram!,4054,488,373,77026,76881,25,#TeslaCoInnovation,CybertruckLaunch
P021,Instagram,2025-01-04,Reel,Check out our latest reel on instagram!,4838,640,128,72570,72396,83,#FutureOfDriving,SustainabilityDrive
P022,Facebook,2025-02-27,Text,Check out our latest text on facebook!,1570,187,260,25120,24613,133,#TeslaCoInnovation,SustainabilityDrive
P023,Facebook,2024-11-06,Video,Check out our latest video on facebook!,1606,547,316,32120,31736,225,"#TeslaCoInnovation,#AnytimeIsTeslaTime",ModelYCampaign
P024,Facebook,2025-01-23,Video,Check out our latest video on facebook!,3961,761,131,67337,66615,161,#FutureOfDriving,FSDUpdate
P025,Twitter,2025-04-10,Carousel,Check out our latest carousel on twitter!,3128,211,197,59432,59182,238,#EVRevolution,
P026,YouTube,2025-04-05,Reel,Check out our latest reel on youtube!,3009,413,358,42126,41309,211,#FutureOfDriving,ModelYCampaign
P027,YouTube,2024-09-17,Text,Check out our latest text on youtube!,2076,195,104,33216,32244,51,#FutureOfDriving,SustainabilityDrive
P028,Instagram,2025-03-04,Video,Check out our latest video on instagram!,432,624,123,6912,6259,79,#FutureOfDriving,SustainabilityDrive
P029,Instagram,2025-01-31,Carousel,Check out our latest carousel on instagram!,2566,118,37,12830,12264,221,#FutureOfDriving,FSDUpdate
P030,Instagram,2025-02-25,Video,Check out our latest video on instagram!,3095,39,78,55710,54808,93,#EVRevolution,
P031,Instagram,2024-12-16,Text,Check out our latest text on instagram!,438,153,275,3066,2701,282,#TeslaCoInnovation,ModelYCampaign
P032,Twitter,2024-07-31,Carousel,Check out our latest carousel on twitter!,2278,10,321,13668,12676,275,#EVRevolution,CybertruckLaunch
P033,Facebook,2024-08-21,Image,Check out our latest image on facebook!,1407,400,351,16884,15954,113,#TeslaCoInnovation,CybertruckLaunch
P034,Facebook,2025-03-26,Text,Check out our latest text on facebook!,1652,89,357,29736,28771,215,#TeslaCoInnovation,FSDUpdate
P035,Instagram,2024-11-30,Video,Check out our latest video on instagram!,3775,16,239,33975,33310,271,#FutureOfDriving,ModelYCampaign
P036,Instagram,2025-04-19,Story,Check out our latest story on instagram!,4518,285,383,67770,67621,31,#EVRevolution,ModelYCampaign
P037,Facebook,2025-01-06,Carousel,Check out our latest carousel on facebook!,3024,925,350,24192,23518,36,#EVRevolution,ModelYCampaign
P038,YouTube,2025-02-17,Reel,Check out our latest reel on youtube!,3138,123,291,28242,27550,87,#TeslaCoInnovation,SustainabilityDrive
P039,Facebook,2024-11-25,Image,Check out our latest image on facebook!,3564,629,177,60588,59627,92,#TeslaCoInnovation,
P040,Twitter,2025-03-07,Image,Check out our latest image on twitter!,4750,151,415,38000,37792,299,#EVRevolution,SustainabilityDrive
P041,Instagram,2025-03-08,Reel,Check out our latest reel on instagram!,456,629,428,8208,7377,205,#FutureOfDriving,SustainabilityDrive
P042,YouTube,2025-03-05,Reel,Check out our latest reel on youtube!,1543,820,333,12344,11496,241,#EVRevolution,
P043,Instagram,2024-12-14,Carousel,Check out our latest carousel on instagram!,2174,658,15,13044,12206,137,#TeslaCoInnovation,FSDUpdate
P044,Twitter,2025-03-02,Image,Check out our latest image on twitter!,2358,784,344,35370,34475,216,#TeslaCoInnovation,
P045,Facebook,2024-11-01,Video,Check out our latest video on facebook!,3371,106,327,50565,49816,176,#FutureOfDriving,CybertruckLaunch
P046,Twitter,2025-05-02,Video,Check out our latest video on twitter!,1108,177,212,8864,8710,97,#TeslaCoInnovation,SustainabilityDrive
P047,Twitter,2025-02-24,Carousel,Check out our latest carousel on twitter!,2704,752,153,21632,20792,127,#FutureOfDriving,
P048,Twitter,2025-03-11,Story,Check out our latest story on twitter!,1950,295,478,37050,36272,119,#TeslaCoInnovation,
P049,Twitter,2024-06-10,Story,Check out our latest story on twitter!,2164,549,274,28132,27361,177,#TeslaCoInnovation,SustainabilityDrive
P050,YouTube,2024-07-03,Story,Check out our latest story on youtube!,2754,130,90,22032,21288,112,#TeslaCoInnovation,FSDUpdate
P051,Facebook,2024-06-13,Carousel,Check out our latest carousel on facebook!,2200,504,239,37400,36938,225,#FutureOfDriving,ModelYCampaign
P052,Facebook,2025-01-03,Image,Check out our latest image on facebook!,947,338,350,10417,9730,34,#TeslaCoInnovation,SustainabilityDrive
P053,YouTube,2025-02-24,Carousel,Check out our latest carousel on youtube!,804,639,43,4020,3144,11,"#EVRevolution,#BetterWithTesla",
P054,YouTube,2025-03-13,Carousel,Check out our latest carousel on youtube!,1686,904,472,18546,18171,52,#FutureOfDriving,ModelYCampaign
P055,Facebook,2024-06-17,Image,Check out our latest image on facebook!,1226,119,7,14712,14049,123,#EVRevolution,SustainabilityDrive
P056,Facebook,2024-12-18,Carousel,Check out our latest carousel on facebook!,2946,498,367,29460,28527,60,#FutureOfDriving,FSDUpdate
P057,Twitter,2024-10-21,Video,Check out our latest video on twitter!,2825,535,295,45200,44739,169,#TeslaCoInnovation,CybertruckLaunch
P058,Instagram,2025-04-15,Reel,Check out our latest reel on instagram!,103,770,19,1030,410,262,#TeslaCoInnovation,SustainabilityDrive
P059,Instagram,2024-06-22,Text,Check out our latest text on instagram!,2180,263,387,30520,30059,174,#EVRevolution,
P060,Instagram,2025-01-28,Video,Check out our latest video on instagram!,904,973,63,11752,11580,84,"#EVRevolution,#TeslaCoInnovation,#AnytimeIsTeslaTime",FSDUpdate
P061,Twitter,2024-09-05,Video,Check out our latest video on twitter!,4886,983,409,43974,43239,65,#TeslaCoInnovation,CybertruckLaunch
P062,Twitter,2024-11-22,Carousel,Check out our latest carousel on twitter!,53,81,379,954,7,148,#TeslaCoInnovation,FSDUpdate
P063,Twitter,2024-07-31,Carousel,Check out our latest carousel on twitter!,4507,217,13,90140,89591,125,#FutureOfDriving,FSDUpdate
P064,Facebook,2024-08-17,Image,Check out our latest image on facebook!,2878,248,416,43170,42667,75,#FutureOfDriving,FSDUpdate
P065,Instagram,2025-03-28,Story,Check out our latest story on instagram!,1881,501,99,20691,19987,289,#EVRevolution,
P066,Twitter,2024-07-26,Carousel,Check out our latest carousel on twitter!,432,171,280,3024,2285,184,#EVRevolution,CybertruckLaunch
P067,Facebook,2025-03-29,Carousel,Check out our latest carousel on facebook!,4712,568,127,84816,84691,100,#EVRevolution,FSDUpdate
P068,Instagram,2024-12-08,Story,Check out our latest story on instagram!,2610,126,288,15660,15145,73,#EVRevolution,
P069,Twitter,2025-03-08,Text,Check out our latest text on twitter!,1292,626,496,25840,24916,149,#FutureOfDriving,FSDUpdate
P070,Facebook,2025-04-02,Video,Check out our latest video on facebook!,199,772,400,3582,2988,43,#TeslaCoInnovation,
P071,YouTube,2024-09-02,Carousel,Check out our latest carousel on youtube!,2551,915,205,30612,30360,227,#TeslaCoInnovation,ModelYCampaign
P072,YouTube,2025-03-03,Reel,Check out our latest reel on youtube!,296,60,141,5624,5239,88,#EVRevolution,ModelYCampaign
P073,Facebook,2024-10-18,Story,Check out our latest story on facebook!,4126,426,486,78394,77798,88,#FutureOfDriving,SustainabilityDrive
P074,YouTube,2024-10-28,Reel,Check out our latest reel on youtube!,1855,200,174,16695,16330,123,#TeslaCoInnovation,FSDUpdate
P075,Instagram,2024-08-01,Reel,Check out our latest reel on instagram!,1674,929,37,21762,20998,255,#TeslaCoInnovation,SustainabilityDrive
P076,Twitter,2024-11-07,Story,Check out our latest story on twitter!,1121,135,18,15694,14957,99,#TeslaCoInnovation,SustainabilityDrive
P077,Facebook,2025-03-04,Story,Check out our latest story on facebook!,1249,116,420,8743,8538,63,#TeslaCoInnovation,
P078,Twitter,2024-06-17,Image,Check out our latest image on twitter!,954,324,288,19080,18859,21,#FutureOfDriving,SustainabilityDrive
P079,Instagram,2024-10-09,Carousel,Check out our latest carousel on instagram!,3068,137,329,39884,39404,266,#EVRevolution,ModelYCampaign
P080,Instagram,2024-06-13,Story,Check out our latest story on instagram!,2103,892,103,39957,39466,28,#FutureOfDriving,
P081,Instagram,2024-10-19,Story,Check out our latest story on instagram!,1816,29,41,19976,19262,283,#TeslaCoInnovation,FSDUpdate
P082,Instagram,2024-07-24,Image,Check out our latest image on instagram!,725,88,428,14500,13637,200,"#FutureOfDriving,#TeslaCoInnovation,#AnytimeIsTeslaTime",FSDUpdate
P083,YouTube,2024-10-15,Video,Check out our latest video on youtube!,1094,472,21,9846,9609,112,#EVRevolution,
P084,Facebook,2024-12-09,Image,Check out our latest image on facebook!,1841,851,342,34979,34154,255,#FutureOfDriving,SustainabilityDrive
P085,Instagram,2025-04-19,Image,Check out our latest image on instagram!,4177,569,55,25062,24847,230,#FutureOfDriving,CybertruckLaunch
P086,YouTube,2025-01-27,Text,Check out our latest text on youtube!,3428,305,85,58276,58052,242,"#EVRevolution,#BetterWithTesla",SustainabilityDrive
P087,Twitter,2024-06-06,Video,Check out our latest video on twitter!,1436,765,496,12924,12701,197,#FutureOfDriving,FSDUpdate
P088,Facebook,2024-07-07,Story,Check out our latest story on facebook!,302,47,430,5738,4890,25,#TeslaCoInnovation,SustainabilityDrive
P089,Twitter,2025-01-10,Image,Check out our latest image on twitter!,2214,249,152,15498,14800,180,#EVRevolution,
P090,Instagram,2024-06-03,Image,Check out our latest image on instagram!,3861,960,101,69498,68817,297,#TeslaCoInnovation,SustainabilityDrive
P091,Facebook,2025-03-24,Image,Check out our latest image on facebook!,1263,397,357,25260,24615,137,#EVRevolution,SustainabilityDrive
P092,Twitter,2024-10-21,Story,Check out our latest story on twitter!,3801,967,401,38010,37625,236,#FutureOfDriving,FSDUpdate
P093,Instagram,2024-12-11,Video,Check out our latest video on instagram!,1431,951,26,8586,8396,150,#EVRevolution,FSDUpdate
P094,Instagram,2024-11-07,Image,Check out our latest image on instagram!,2647,304,170,18529,17841,46,#FutureOfDriving,FSDUpdate
P095,Instagram,2024-11-08,Text,Check out our latest text on instagram!,3182,559,160,57276,56890,163,#FutureOfDriving,SustainabilityDrive
P096,Twitter,2024-09-10,Image,Check out our latest image on twitter!,1238,366,444,19808,19334,123,#FutureOfDriving,
P097,Instagram,2024-08-13,Image,Check out our latest image on instagram!,4739,527,135,61607,61333,36,"#TeslaCoInnovation,#AnytimeIsTeslaTime",ModelYCampaign
P098,Twitter,2024-06-10,Story,Check out our latest story on twitter!,1575,771,486,25200,24826,17,#FutureOfDriving,SustainabilityDrive
P099,YouTube,2024-07-02,Carousel,Check out our latest carousel on youtube!,4171,548,86,66736,66634,173,#FutureOfDriving,FSDUpdate
P100,YouTube,2025-02-10,Video,Check out our latest video on youtube!,1766,92,424,24724,24333,52,#EVRevolution,
P101,YouTube,2024-10-18,Video,Check out our latest video on youtube!,4450,983,143,75650,75008,12,#FutureOfDriving,FSDUpdate
P102,Twitter,2024-09-18,Reel,Check out our latest reel on twitter!,1000,978,162,6000,5221,223,#EVRevolution,ModelYCampaign
P103,Facebook,2024-06-11,Image,Check out our latest image on facebook!,3689,48,306,40579,39588,212,#EVRevolution,ModelYCampaign
P104,YouTube,2025-03-23,Story,Check out our latest story on youtube!,3655,568,286,32895,32015,199,#TeslaCoInnovation,FSDUpdate
P105,Instagram,2024-06-14,Carousel,Check out our latest carousel on instagram!,498,38,42,4482,3647,32,#FutureOfDriving,CybertruckLaunch
P106,Instagram,2025-02-04,Image,Check out our latest image on instagram!,4619,821,499,69285,69141,298,#TeslaCoInnovation,SustainabilityDrive
P107,YouTube,2024-06-21,Image,Check out our latest image on youtube!,4832,893,10,91808,91296,182,#TeslaCoInnovation,
P108,Twitter,2025-03-25,Video,Check out our latest video on twitter!,4050,871,347,52650,51755,209,#TeslaCoInnovation,ModelYCampaign
P109,Twitter,2024-08-08,Story,Check out our latest story on twitter!,3649,215,413,25543,24963,167,#FutureOfDriving,FSDUpdate
P110,Instagram,2024-07-29,Reel,Check out our latest reel on instagram!,3523,753,482,38753,38579,270,#EVRevolution,ModelYCampaign
P111,YouTube,2024-11-23,Image,Check out our latest image on youtube!,2719,17,285,40785,40281,40,#TeslaCoInnovation,ModelYCampaign
P112,Twitter,2024-10-05,Story,Check out our latest story on twitter!,1957,877,238,17613,16865,297,#FutureOfDriving,FSDUpdate
P113,Twitter,2024-10-02,Carousel,Check out our latest carousel on twitter!,4419,236,369,44190,43582,10,#EVRevolution,CybertruckLaunch
P114,Twitter,2024-11-14,Story,Check out our latest story on twitter!,4000,689,488,40000,39569,44,#FutureOfDriving,CybertruckLaunch
P115,Twitter,2025-05-11,Image,Check out our latest image on twitter!,2493,97,44,42381,41991,242,"#TeslaCoInnovation,#AnytimeIsTeslaTime",SustainabilityDrive
P116,YouTube,2025-03-18,Reel,Check out our latest reel on youtube!,3704,186,458,25928,25081,131,#TeslaCoInnovation,
P117,Twitter,2024-11-04,Image,Check out our latest image on twitter!,1606,451,405,20878,20190,219,#EVRevolution,SustainabilityDrive
P118,Facebook,2024-11-04,Image,Check out our latest image on facebook!,4551,714,207,68265,67754,57,#FutureOfDriving,FSDUpdate
P119,Instagram,2025-02-07,Reel,Check out our latest reel on instagram!,1970,675,478,9850,8924,117,#FutureOfDriving,
P120,Facebook,2024-10-21,Story,Check out our latest story on facebook!,780,928,301,8580,8081,91,#EVRevolution,FSDUpdate
P121,Instagram,2024-07-29,Story,Check out our latest story on instagram!,498,701,412,4980,4185,185,#FutureOfDriving,
P122,Instagram,2024-10-02,Text,Check out our latest text on instagram!,3432,869,123,54912,53916,264,#EVRevolution,ModelYCampaign
P123,Instagram,2024-06-14,Story,Check out our latest story on instagram!,4363,649,140,21815,21481,157,#EVRevolution,CybertruckLaunch
P124,YouTube,2025-04-06,Carousel,Check out our latest carousel on youtube!,736,771,225,5152,4706,19,#EVRevolution,CybertruckLaunch
P125,Twitter,2024-09-08,Carousel,Check out our latest carousel on twitter!,3811,866,216,34299,34088,233,#TeslaCoInnovation,SustainabilityDrive
P126,Instagram,2025-03-28,Carousel,Check out our latest carousel on instagram!,4158,167,241,45738,45183,142,#FutureOfDriving,
P127,Facebook,2025-01-27,Reel,Check out our latest reel on facebook!,3452,652,442,65588,65049,158,#FutureOfDriving,FSDUpdate
P128,Twitter,2025-01-10,Image,Check out our latest image on twitter!,3092,106,291,27828,27217,102,#FutureOfDriving,
P129,Twitter,2024-07-21,Text,Check out our latest text on twitter!,2147,430,393,17176,16483,170,#TeslaCoInnovation,
P130,YouTube,2024-09-29,Reel,Check out our latest reel on youtube!,2936,439,44,38168,37571,22,#EVRevolution,SustainabilityDrive
P131,Instagram,2024-10-21,Reel,Check out our latest reel on instagram!,4840,658,211,43560,43225,57,#FutureOfDriving,FSDUpdate
P132,Instagram,2025-03-04,Story,Check out our latest story on instagram!,1947,842,101,21417,20967,186,#FutureOfDriving,ModelYCampaign
P133,Facebook,2025-02-06,Image,Check out our latest image on facebook!,2072,532,71,37296,36467,25,#TeslaCoInnovation,SustainabilityDrive
P134,Twitter,2025-04-24,Reel,Check out our latest reel on twitter!,3731,115,135,55965,55436,103,#TeslaCoInnovation,CybertruckLaunch
P135,Facebook,2024-11-28,Text,Check out our latest text on facebook!,4213,253,434,75834,75437,272,#FutureOfDriving,SustainabilityDrive
P136,Instagram,2024-07-11,Text,Check out our latest text on instagram!,3134,888,444,21938,21337,130,#EVRevolution,SustainabilityDrive
P137,Facebook,2024-07-31,Video,Check out our latest video on facebook!,3008,94,37,15040,14639,277,#FutureOfDriving,
P138,Twitter,2025-03-29,Image,Check out our latest image on twitter!,305,187,243,4575,3704,234,#FutureOfDriving,FSDUpdate
P139,YouTube,2024-10-29,Text,Check out our latest text on youtube!,2746,156,203,32952,32147,147,#EVRevolution,CybertruckLaunch
P140,Facebook,2024-07-15,Image,Check out our latest image on facebook!,2291,78,485,18328,18101,10,"#EVRevolution,#SmoothLikeNitroTesla",ModelYCampaign
P141,Twitter,2024-08-31,Image,Check out our latest image on twitter!,3170,857,379,19020,18559,240,#FutureOfDriving,
P142,YouTube,2025-03-25,Story,Check out our latest story on youtube!,2070,275,386,39330,38627,114,#FutureOfDriving,SustainabilityDrive
P143,YouTube,2024-10-02,Carousel,Check out our latest carousel on youtube!,80,362,80,1040,349,117,#TeslaCoInnovation,FSDUpdate
P144,YouTube,2024-10-28,Story,Check out our latest story on youtube!,4929,749,452,93651,92810,66,#EVRevolution,SustainabilityDrive
P145,Instagram,2024-08-12,Carousel,Check out our latest carousel on instagram!,1878,62,179,37560,36874,142,#TeslaCoInnovation,SustainabilityDrive
P146,YouTube,2024-06-05,Reel,Check out our latest reel on youtube!,3065,772,142,18390,17875,200,"#EVRevolution,#AnytimeIsTeslaTime",
P147,Instagram,2024-10-21,Reel,Check out our latest reel on instagram!,3256,459,266,26048,25529,143,#TeslaCoInnovation,ModelYCampaign
P148,Instagram,2025-04-15,Video,Check out our latest video on instagram!,4133,466,327,24798,24620,176,#EVRevolution,SustainabilityDrive
P149,Twitter,2024-06-16,Video,Check out our latest video on twitter!,1702,750,179,34040,33174,76,#EVRevolution,CybertruckLaunch
P150,YouTube,2024-08-22,Carousel,Check out our latest carousel on youtube!,4295,853,325,85900,85788,290,#TeslaCoInnovation,SustainabilityDrive
P151,Instagram,2024-07-26,Image,Check out our latest image on instagram!,3559,59,289,35590,35105,122,#EVRevolution,CybertruckLaunch
P152,Facebook,2025-04-22,Image,Check out our latest image on facebook!,4804,550,270,28824,28370,47,#EVRevolution,SustainabilityDrive
P153,Twitter,2025-01-01,Video,Check out our latest video on twitter!,754,197,257,6786,6221,212,#TeslaCoInnovation,FSDUpdate
P154,Instagram,2024-10-09,Carousel,Check out our latest carousel on instagram!,985,932,287,6895,6757,64,#FutureOfDriving,SustainabilityDrive
P155,YouTube,2024-12-21,Image,Check out our latest image on youtube!,2283,210,130,22830,22617,143,#FutureOfDriving,ModelYCampaign
P156,Facebook,2024-10-22,Carousel,Check out our latest carousel on facebook!,3352,941,482,43576,43338,240,#FutureOfDriving,ModelYCampaign
P157,YouTube,2024-07-23,Story,Check out our latest story on youtube!,4775,173,206,47750,47544,187,#FutureOfDriving,ModelYCampaign
P158,Instagram,2024-08-11,Story,Check out our latest story on instagram!,1762,405,423,22906,21925,25,#TeslaCoInnovation,CybertruckLaunch
P159,Facebook,2024-11-25,Story,Check out our latest story on facebook!,2120,158,488,12720,12085,17,#FutureOfDriving,ModelYCampaign
P160,Twitter,2024-08-24,Video,Check out our latest video on twitter!,1082,209,484,19476,18654,20,#TeslaCoInnovation,
P161,Twitter,2025-02-19,Text,Check out our latest text on twitter!,4671,876,366,51381,50565,245,#TeslaCoInnovation,SustainabilityDrive
P162,Facebook,2025-04-01,Story,Check out our latest story on facebook!,3430,566,164,48020,47305,120,#FutureOfDriving,
P163,Instagram,2025-04-08,Image,Check out our latest image on instagram!,4501,375,323,22505,21836,132,#TeslaCoInnovation,ModelYCampaign
P164,YouTube,2025-02-27,Text,Check out our latest text on youtube!,4934,971,156,39472,39025,169,"#TeslaCoInnovation,#AnytimeIsTeslaTime",SustainabilityDrive
P165,Twitter,2024-12-11,Text,Check out our latest text on twitter!,3239,43,211,22673,22171,230,#TeslaCoInnovation,ModelYCampaign
P166,Twitter,2025-02-16,Reel,Check out our latest reel on twitter!,1076,313,306,11836,11596,104,#FutureOfDriving,CybertruckLaunch
P167,Instagram,2024-11-28,Text,Check out our latest text on instagram!,4771,818,56,57252,56378,150,#FutureOfDriving,
P168,Facebook,2024-11-12,Text,Check out our latest text on facebook!,2418,754,54,43524,42743,182,#EVRevolution,CybertruckLaunch
P169,YouTube,2024-12-03,Video,Check out our latest video on youtube!,3809,273,200,34281,33534,83,#EVRevolution,CybertruckLaunch
P170,Twitter,2025-04-28,Text,Check out our latest text on twitter!,3577,596,493,67963,67839,53,#TeslaCoInnovation,FSDUpdate
P171,YouTube,2024-12-31,Video,Check out our latest video on youtube!,1018,447,332,18324,18164,38,#FutureOfDriving,ModelYCampaign
P172,Facebook,2024-08-14,Carousel,Check out our latest carousel on facebook!,3073,553,174,52241,51605,246,#EVRevolution,FSDUpdate
P173,Twitter,2024-12-05,Video,Check out our latest video on twitter!,1330,925,35,15960,15379,229,#FutureOfDriving,FSDUpdate
P174,Facebook,2024-06-22,Text,Check out our latest text on facebook!,3828,148,253,30624,30229,235,#EVRevolution,
P175,Instagram,2025-01-17,Reel,Check out our latest reel on instagram!,142,784,183,1704,995,154,#FutureOfDriving,SustainabilityDrive
P176,Facebook,2024-06-20,Video,Check out our latest video on facebook!,3798,31,279,75960,75813,266,#TeslaCoInnovation,CybertruckLaunch
P177,Instagram,2024-07-10,Carousel,Check out our latest carousel on instagram!,3099,694,171,43386,42921,52,#TeslaCoInnovation,FSDUpdate
P178,Instagram,2024-11-07,Video,Check out our latest video on instagram!,129,643,136,1290,839,238,#TeslaCoInnovation,SustainabilityDrive
P179,Facebook,2024-07-15,Carousel,Check out our latest carousel on facebook!,3796,667,395,64532,63550,292,#TeslaCoInnovation,
P180,YouTube,2024-12-03,Text,Check out our latest text on youtube!,3711,352,290,48243,47579,11,#TeslaCoInnovation,CybertruckLaunch
P181,YouTube,2025-03-21,Image,Check out our latest image on youtube!,606,789,470,7878,7389,239,#EVRevolution,FSDUpdate
P182,Facebook,2024-07-31,Image,Check out our latest image on facebook!,4689,134,403,51579,50924,173,#TeslaCoInnovation,SustainabilityDrive
P183,Instagram,2024-12-17,Story,Check out our latest story on instagram!,360,590,393,4680,4322,208,#FutureOfDriving,ModelYCampaign
P184,Twitter,2024-07-28,Image,Check out our latest image on twitter!,3215,960,202,32150,31404,251,#EVRevolution,CybertruckLaunch
P185,Instagram,2025-01-11,Carousel,Check out our latest carousel on instagram!,4523,61,157,49753,49329,71,#EVRevolution,
P186,Facebook,2024-08-24,Carousel,Check out our latest carousel on facebook!,4292,51,392,55796,54826,264,#EVRevolution,FSDUpdate
P187,Twitter,2024-12-22,Reel,Check out our latest reel on twitter!,1644,546,150,27948,27184,300,#EVRevolution,FSDUpdate
P188,YouTube,2024-06-06,Reel,Check out our latest reel on youtube!,2728,533,215,40920,40816,137,#FutureOfDriving,ModelYCampaign
P189,Facebook,2025-03-24,Reel,Check out our latest reel on facebook!,3360,525,500,60480,59610,192,#TeslaCoInnovation,CybertruckLaunch
P190,YouTube,2024-10-04,Text,Check out our latest text on youtube!,1963,213,19,39260,38771,145,#FutureOfDriving,
P191,YouTube,2024-12-03,Story,Check out our latest story on youtube!,4285,886,376,55705,55556,51,#FutureOfDriving,FSDUpdate
P192,Instagram,2024-11-29,Video,Check out our latest video on instagram!,1176,464,394,14112,13588,272,#EVRevolution,
P193,Twitter,2024-09-11,Image,Check out our latest image on twitter!,4858,317,129,53438,52687,223,#EVRevolution,FSDUpdate
P194,YouTube,2024-10-02,Story,Check out our latest story on youtube!,4350,771,7,60900,60592,195,#EVRevolution,CybertruckLaunch
P195,Instagram,2024-08-15,Carousel,Check out our latest carousel on instagram!,914,464,246,11882,11500,282,"#FutureOfDriving,#TeslaCoInnovation,#AnytimeIsTeslaTime",SustainabilityDrive
P196,Instagram,2024-12-19,Text,Check out our latest text on instagram!,1813,623,72,19943,18959,85,#EVRevolution,FSDUpdate
P197,Twitter,2024-10-22,Reel,Check out our latest reel on twitter!,4782,721,82,86076,85339,19,#EVRevolution,CybertruckLaunch
P198,Twitter,2024-09-14,Image,Check out our latest image on twitter!,1048,374,450,9432,8882,158,#TeslaCoInnovation,FSDUpdate
P199,YouTube,2024-11-30,Carousel,Check out our latest carousel on youtube!,2509,324,171,35126,34685,277,#TeslaCoInnovation,ModelYCampaign
P200,Facebook,2025-04-07,Reel,Check out our latest reel on facebook!,3718,385,310,70642,69749,233,#TeslaCoInnovation,ModelYCampaign
P201,Twitter,2025-01-15,Reel,Check out our latest reel on twitter!,802,262,244,14436,14280,49,#EVRevolution,CybertruckLaunch
P202,Facebook,2024-06-02,Image,Check out our latest image on facebook!,1871,252,335,29936,29576,288,#EVRevolution,FSDUpdate
P203,Instagram,2024-11-21,Carousel,Check out our latest carousel on instagram!,3773,299,38,71687,71447,286,#FutureOfDriving,CybertruckLaunch
P204,Instagram,2025-01-01,Carousel,Check out our latest carousel on instagram!,2234,653,432,11170,10569,198,#FutureOfDriving,FSDUpdate
P205,Twitter,2025-04-24,Video,Check out our latest video on twitter!,3820,697,268,45840,45631,171,"#TeslaCoInnovation,#SmoothLikeNitroTesla",SustainabilityDrive
P206,Twitter,2024-06-24,Text,Check out our latest text on twitter!,941,121,458,14115,13838,87,#EVRevolution,CybertruckLaunch
P207,Twitter,2024-12-29,Carousel,Check out our latest carousel on twitter!,4274,340,281,34192,33446,129,"#TeslaCoInnovation,#SmoothLikeNitroTesla",FSDUpdate
P208,YouTube,2024-06-24,Video,Check out our latest video on youtube!,2949,476,403,44235,43705,135,#TeslaCoInnovation,ModelYCampaign
P209,Twitter,2025-03-19,Video,Check out our latest video on twitter!,3160,204,297,44240,43666,49,"#FutureOfDriving,#AnytimeIsTeslaTime",SustainabilityDrive
P210,YouTube,2025-02-19,Image,Check out our latest image on youtube!,257,966,398,3341,2753,287,#FutureOfDriving,CybertruckLaunch
P211,Twitter,2024-07-18,Carousel,Check out our latest carousel on twitter!,2120,38,212,12720,12564,21,#FutureOfDriving,SustainabilityDrive
P212,YouTube,2025-03-03,Video,Check out our latest video on youtube!,3874,884,19,38740,38552,219,#TeslaCoInnovation,ModelYCampaign
P213,Facebook,2025-05-01,Carousel,Check out our latest carousel on facebook!,2696,628,443,45832,45632,248,#EVRevolution,SustainabilityDrive
P214,Instagram,2024-12-23,Image,Check out our latest image on instagram!,521,746,315,4168,3399,282,#FutureOfDriving,ModelYCampaign
P215,Facebook,2025-05-06,Image,Check out our latest image on facebook!,4872,925,176,82824,82543,89,#EVRevolution,ModelYCampaign
P216,YouTube,2024-07-29,Story,Check out our latest story on youtube!,1509,88,163,30180,29689,119,#EVRevolution,ModelYCampaign
P217,Facebook,2024-12-03,Image,Check out our latest image on facebook!,4606,931,230,92120,91440,56,#TeslaCoInnovation,
P218,Facebook,2024-06-11,Carousel,Check out our latest carousel on facebook!,1869,453,490,14952,14309,275,#TeslaCoInnovation,SustainabilityDrive
P219,Twitter,2025-01-28,Reel,Check out our latest reel on twitter!,1188,470,174,7128,6145,270,#TeslaCoInnovation,SustainabilityDrive
P220,Instagram,2024-06-02,Story,Check out our latest story on instagram!,84,897,85,588,8,12,#EVRevolution,
P221,Facebook,2025-03-23,Video,Check out our latest video on facebook!,4453,111,420,31171,30565,23,#TeslaCoInnovation,
P222,Facebook,2024-10-08,Reel,Check out our latest reel on facebook!,1814,653,363,25396,25286,39,"#FutureOfDriving,#SmoothLikeNitroTesla",CybertruckLaunch
P223,Twitter,2024-11-12,Image,Check out our latest image on twitter!,3338,277,118,60084,59842,252,#TeslaCoInnovation,
P224,Facebook,2025-05-13,Image,Check out our latest image on facebook!,602,594,156,4214,3363,164,#TeslaCoInnovation,FSDUpdate
P225,Twitter,2024-06-20,Carousel,Check out our latest carousel on twitter!,4672,325,32,88768,87833,118,#EVRevolution,
P226,Instagram,2024-08-07,Carousel,Check out our latest carousel on instagram!,1741,164,318,8705,8272,121,#TeslaCoInnovation,
P227,Instagram,2024-06-12,Text,Check out our latest text on instagram!,246,149,130,4674,4390,217,#FutureOfDriving,FSDUpdate
P228,Instagram,2024-07-01,Story,Check out our latest story on instagram!,4808,772,320,72120,71696,195,#EVRevolution,CybertruckLaunch
P229,Instagram,2024-07-03,Carousel,Check out our latest carousel on instagram!,4799,694,289,43191,42228,118,#TeslaCoInnovation,
P230,Facebook,2024-07-15,Reel,Check out our latest reel on facebook!,3663,17,295,51282,50567,84,#EVRevolution,FSDUpdate
P231,Instagram,2025-05-01,Text,Check out our latest text on instagram!,1430,376,33,21450,20509,251,#FutureOfDriving,CybertruckLaunch
P232,Twitter,2025-04-29,Story,Check out our latest story on twitter!,249,592,230,1494,1044,201,#EVRevolution,SustainabilityDrive
P233,Facebook,2025-03-08,Image,Check out our latest image on facebook!,2382,265,134,38112,37437,249,#FutureOfDriving,SustainabilityDrive
P234,Facebook,2024-06-01,Text,Check out our latest text on facebook!,1272,465,99,24168,23719,42,#TeslaCoInnovation,
P235,Facebook,2024-12-22,Image,Check out our latest image on facebook!,3196,941,376,35156,34444,241,#TeslaCoInnovation,FSDUpdate
P236,Facebook,2024-08-19,Text,Check out our latest text on facebook!,1257,19,351,12570,11660,194,"#FutureOfDriving,#AnytimeIsTeslaTime,#EVRevolution",ModelYCampaign
P237,Instagram,2024-10-22,Story,Check out our latest story on instagram!,3770,917,129,71630,71322,76,#FutureOfDriving,CybertruckLaunch
P238,Twitter,2024-07-16,Text,Check out our latest text on twitter!,4725,400,362,75600,74927,43,#FutureOfDriving,SustainabilityDrive
P239,YouTube,2025-02-24,Text,Check out our latest text on youtube!,4188,942,118,20940,20471,102,#FutureOfDriving,
P240,Twitter,2024-08-26,Carousel,Check out our latest carousel on twitter!,929,192,322,16722,15996,145,"#EVRevolution,#TeslaCoInnovation,#AnytimeIsTeslaTime",FSDUpdate
P241,Facebook,2025-01-18,Story,Check out our latest story on facebook!,4321,874,172,30247,29254,122,#TeslaCoInnovation,SustainabilityDrive
P242,Facebook,2024-07-07,Reel,Check out our latest reel on facebook!,4767,190,340,28602,28044,210,#EVRevolution,FSDUpdate
P243,Twitter,2025-03-06,Image,Check out our latest image on twitter!,3592,911,375,50288,49490,32,#FutureOfDriving,SustainabilityDrive
P244,YouTube,2024-10-25,Video,Check out our latest video on youtube!,4661,935,433,23305,22583,63,#FutureOfDriving,FSDUpdate
P245,Facebook,2025-01-12,Reel,Check out our latest reel on facebook!,4134,824,99,41340,41050,177,#EVRevolution,CybertruckLaunch
P246,Facebook,2024-10-11,Image,Check out our latest image on facebook!,400,680,434,6400,5472,160,#FutureOfDriving,ModelYCampaign
P247,Facebook,2024-08-27,Reel,Check out our latest reel on facebook!,3960,266,8,35640,34850,208,"#FutureOfDriving,#EVRevolution,#BetterWithTesla",
P248,Facebook,2025-02-02,Story,Check out our latest story on facebook!,886,126,153,4430,4037,212,#EVRevolution,
P249,Twitter,2024-07-18,Image,Check out our latest image on twitter!,827,77,402,14886,14129,254,#EVRevolution,ModelYCampaign
P250,Facebook,2024-06-22,Reel,Check out our latest reel on facebook!,3813,935,274,68634,68488,251,#FutureOfDriving,
P251,Instagram,2025-03-27,Carousel,Check out our latest carousel on instagram!,1377,796,387,22032,21869,189,#FutureOfDriving,
P252,Facebook,2025-04-28,Carousel,Check out our latest carousel on facebook!,2089,476,69,16712,16309,64,#FutureOfDriving,FSDUpdate
P253,Twitter,2024-08-03,Reel,Check out our latest reel on twitter!,3791,593,228,53074,52613,205,#EVRevolution,
P254,Twitter,2025-01-14,Image,Check out our latest image on twitter!,2692,115,64,21536,21120,224,#FutureOfDriving,ModelYCampaign
P255,Facebook,2025-04-03,Story,Check out our latest story on facebook!,3767,514,238,37670,36807,226,#FutureOfDriving,SustainabilityDrive
P256,YouTube,2024-09-18,Carousel,Check out our latest carousel on youtube!,2143,12,204,40717,40125,248,#EVRevolution,ModelYCampaign
P257,Facebook,2025-04-06,Image,Check out our latest image on facebook!,3090,697,164,49440,48524,25,"#EVRevolution,#EVRevolution,#BetterWithTesla",ModelYCampaign
P258,Instagram,2024-08-05,Story,Check out our latest story on instagram!,3601,695,75,21606,21454,172,#EVRevolution,ModelYCampaign
P259,Facebook,2025-02-10,Text,Check out our latest text on facebook!,562,158,149,3372,2940,93,#TeslaCoInnovation,CybertruckLaunch
P260,Instagram,2025-02-12,Story,Check out our latest story on instagram!,4332,771,219,60648,60397,10,"#TeslaCoInnovation,#EVRevolution,#BetterWithTesla",FSDUpdate
P261,Instagram,2024-10-27,Image,Check out our latest image on instagram!,4853,837,340,72795,72237,170,#EVRevolution,CybertruckLaunch
P262,YouTube,2025-01-18,Image,Check out our latest image on youtube!,1206,238,36,9648,9417,237,#TeslaCoInnovation,
P263,Instagram,2024-08-20,Reel,Check out our latest reel on instagram!,2603,690,205,13015,12130,20,#FutureOfDriving,ModelYCampaign
P264,Twitter,2025-01-30,Image,Check out our latest image on twitter!,59,163,93,590,475,293,#TeslaCoInnovation,ModelYCampaign
P265,Twitter,2025-02-20,Carousel,Check out our latest carousel on twitter!,1877,745,225,11262,10967,41,#EVRevolution,SustainabilityDrive
P266,Facebook,2024-11-25,Story,Check out our latest story on facebook!,4182,640,240,50184,49351,10,#TeslaCoInnovation,FSDUpdate
P267,Twitter,2024-10-04,Reel,Check out our latest reel on twitter!,4187,66,31,66992,66614,62,#FutureOfDriving,
P268,Instagram,2025-04-13,Reel,Check out our latest reel on instagram!,4579,125,300,59527,59400,269,#EVRevolution,CybertruckLaunch
P269,Instagram,2024-11-05,Video,Check out our latest video on instagram!,4561,51,441,22805,21890,45,#TeslaCoInnovation,ModelYCampaign
P270,YouTube,2025-01-15,Reel,Check out our latest reel on youtube!,3774,239,39,60384,59490,241,#TeslaCoInnovation,FSDUpdate
P271,Instagram,2024-10-17,Video,Check out our latest video on instagram!,3575,749,111,21450,20785,195,#EVRevolution,ModelYCampaign
P272,Instagram,2025-03-27,Text,Check out our latest text on instagram!,4941,414,266,39528,39154,217,#TeslaCoInnovation,FSDUpdate
P273,YouTube,2024-10-12,Story,Check out our latest story on youtube!,3641,226,46,40051,39319,296,#EVRevolution,SustainabilityDrive
P274,Twitter,2025-01-01,Carousel,Check out our latest carousel on twitter!,3535,494,152,53025,52791,44,#TeslaCoInnovation,SustainabilityDrive
P275,Facebook,2024-08-05,Reel,Check out our latest reel on facebook!,1741,831,345,17410,16844,58,#EVRevolution,FSDUpdate
P276,Twitter,2024-06-07,Carousel,Check out our latest carousel on twitter!,1556,195,131,9336,8875,137,#TeslaCoInnovation,ModelYCampaign
P277,Facebook,2025-04-06,Image,Check out our latest image on facebook!,4236,711,298,21180,20516,238,#FutureOfDriving,CybertruckLaunch
P278,Twitter,2024-11-26,Text,Check out our latest text on twitter!,4516,836,169,49676,49257,282,#EVRevolution,SustainabilityDrive
P279,YouTube,2024-09-02,Image,Check out our latest image on youtube!,4905,845,129,98100,97772,279,#TeslaCoInnovation,ModelYCampaign
P280,YouTube,2024-10-21,Video,Check out our latest video on youtube!,4275,680,385,64125,63650,104,"#EVRevolution,#TeslaCoInnovation,#AnytimeIsTeslaTime",SustainabilityDrive
P281,YouTube,2025-03-22,Image,Check out our latest image on youtube!,3166,90,341,56988,56125,135,#EVRevolution,ModelYCampaign
P282,Instagram,2024-10-03,Video,Check out our latest video on instagram!,1488,417,168,19344,18395,30,#FutureOfDriving,FSDUpdate
P283,Twitter,2025-05-09,Reel,Check out our latest reel on twitter!,3367,302,57,63973,63789,157,#FutureOfDriving,ModelYCampaign
P284,Twitter,2024-09-17,Text,Check out our latest text on twitter!,571,190,352,9707,9418,231,#TeslaCoInnovation,SustainabilityDrive
P285,YouTube,2024-07-18,Text,Check out our latest text on youtube!,4021,794,77,36189,35505,174,#EVRevolution,
P286,YouTube,2024-09-25,Video,Check out our latest video on youtube!,3389,344,229,20334,19443,228,#FutureOfDriving,FSDUpdate
P287,Instagram,2024-08-15,Reel,Check out our latest reel on instagram!,1164,616,324,6984,6636,82,#EVRevolution,CybertruckLaunch
P288,YouTube,2025-04-17,Carousel,Check out our latest carousel on youtube!,4780,691,380,86040,85743,262,#FutureOfDriving,FSDUpdate
P289,Facebook,2024-11-28,Carousel,Check out our latest carousel on facebook!,2751,33,430,44016,43415,129,#FutureOfDriving,
P290,Instagram,2024-12-20,Carousel,Check out our latest carousel on instagram!,2107,550,349,35819,35340,191,#EVRevolution,SustainabilityDrive
P291,Facebook,2024-11-06,Video,Check out our latest video on facebook!,4663,145,225,69945,69596,35,#EVRevolution,SustainabilityDrive
P292,Facebook,2024-11-17,Text,Check out our latest text on facebook!,880,297,345,12320,11978,238,"#TeslaCoInnovation,#AnytimeIsTeslaTime",
P293,Facebook,2025-05-14,Text,Check out our latest text on facebook!,2634,726,241,28974,28102,277,#EVRevolution,CybertruckLaunch
P294,Facebook,2024-06-19,Carousel,Check out our latest carousel on facebook!,4731,173,276,28386,28185,89,#EVRevolution,FSDUpdate
P295,Twitter,2025-05-06,Image,Check out our latest image on twitter!,1952,344,287,15616,15403,235,"#FutureOfDriving,#TeslaCoInnovation,#AnytimeIsTeslaTime",ModelYCampaign
P296,Twitter,2025-02-11,Video,Check out our latest video on twitter!,3440,13,20,58480,58146,210,"#TeslaCoInnovation,#SmoothLikeNitroTesla",SustainabilityDrive
P297,Twitter,2024-12-24,Text,Check out our latest text on twitter!,2166,354,117,10830,10245,24,#EVRevolution,SustainabilityDrive
P298,Facebook,2024-10-24,Image,Check out our latest image on facebook!,4303,451,286,86060,85823,14,#TeslaCoInnovation,FSDUpdate
P299,Facebook,2024-08-26,Image,Check out our latest image on facebook!,2581,517,117,23229,22331,70,#FutureOfDriving,FSDUpdate
P300,Twitter,2024-08-31,Carousel,Check out our latest carousel on twitter!,4494,717,45,62916,62688,191,"#TeslaCoInnovation,#EVRevolution,#BetterWithTesla",CybertruckLaunch